A1,A2,A3,A4,A5,A6,B1,B2,B3,B4,C1,C2,C3,C4,D1,D2,D3,D4,E1,E2,E3,E4,F1,F2,F3,F4,G1,G2,G3,G4,G5,G6,G7,G8,H1,H3,H4,H5,H6,H7
1,1,1,1,2,3,1,1,3,3,5.6,54,2,3,1,1,3,1,2,0,2,2,2,2,2,3,2,0,0,0,1,2,3,2,2,2,2,2,3,2
2,1,1,2,2,1,2,3,4,2,5.6,69,1,0,1,1,3,2,2,0,1,0,3,1,0,2,1,1,0,0,0,0,1,0,1,0,0,0,0,1
2,2,1,2,2,3,1,2,4,3,5.1,71,4,2,3,4,3,2,2,2,0,0,2,2,3,3,2,3,2,1,1,2,1,4,2,2,0,0,2,3
2,1,1,1,2,3,2,1,2,4,5.1,80,2,2,2,2,1,1,2,2,1,1,3,3,3,4,3,0,0,0,0,0,2,2,2,0,0,0,0,2
2,2,1,2,2,3,1,1,3,2,5.2,41,3,2,3,3,1,1,3,1,1,0,3,3,3,4,2,2,1,0,1,2,2,4,2,1,1,2,1,2
1,1,1,2,2,3,1,1,3,3,6.2,67,2,1,3,2,1,1,2,2,2,0,2,2,2,4,1,1,1,0,0,1,2,2,2,2,2,2,2,2
2,2,1,2,2,3,1,2,2,2,5.3,40,2,3,3,2,1,0,2,0,2,0,2,1,1,3,3,0,0,0,0,2,2,0,1,1,0,2,2,2
2,1,1,1,2,1,1,2,3,3,5.1,80,2,1,3,2,3,1,2,2,3,0,2,2,1,3,1,1,0,1,0,1,2,2,2,2,1,1,1,1
1,2,1,2,1,3,1,1,4,3,5.5,50,2,1,3,1,1,2,1,0,0,0,0,0,0,1,3,0,0,0,0,2,2,2,3,3,2,2,2,3
2,2,1,1,2,4,2,1,3,4,5,58,1,2,2,1,1,1,2,1,2,0,2,2,1,1,1,1,0,1,2,2,2,0,2,1,2,3,1,2
1,2,1,2,2,3,1,3,3,2,5.4,65,1,1,3,1,1,1,1,0,1,0,1,2,1,2,2,2,0,0,0,1,2,0,1,1,0,1,0,0
1,1,1,2,1,3,1,3,4,4,5.1,92,3,0,3,2,3,0,2,0,3,0,2,1,2,3,0,1,0,0,0,0,1,0,1,1,0,1,0,2
1,1,1,2,1,3,1,1,3,2,5.7,58,1,1,1,1,1,2,2,0,2,0,1,1,1,2,2,0,0,0,0,2,2,2,2,2,2,2,2,2
2,1,1,2,2,3,1,3,4,1,5.7,67,1,0,1,2,3,1,2,2,2,2,2,2,2,2,3,3,0,0,0,0,2,0,0,0,0,0,0,0
2,1,0,2,2,3,2,1,4,1,5.6,65,4,0,2,2,1,1,2,0,3,1,3,3,3,4,2,3,2,1,0,2,2,1,2,0,2,2,3,1
1,2,1,2,2,3,1,1,4,4,5.2,60,4,3,3,4,3,1,2,0,1,0,3,2,0,3,1,1,0,0,1,0,2,1,2,2,2,2,2,2
2,2,1,2,2,2,1,1,4,3,5.2,62,2,0,3,2,3,1,2,1,2,0,2,1,0,1,0,0,1,0,2,2,2,1,0,0,0,2,0,2
1,1,1,2,2,3,1,1,4,4,5.9,71,1,0,3,1,1,2,2,0,2,0,0,0,0,2,1,0,0,0,2,0,3,1,1,0,0,1,0,0
1,1,1,2,1,3,2,1,3,3,5.8,60,3,2,3,4,3,2,2,2,2,2,3,3,2,0,1,1,1,0,1,0,2,3,2,3,2,2,3,3
2,1,1,2,2,3,2,1,3,2,5.4,80,1,1,3,1,4,1,1,0,1,0,2,2,2,3,1,0,0,0,2,0,2,0,1,1,0,0,0,0
1,2,1,2,1,3,1,3,3,2,5.1,62,3,0,2,4,4,1,1,0,1,2,1,1,1,2,1,0,1,0,0,1,1,2,1,0,0,1,0,1
1,2,1,1,2,3,1,3,4,3,5.3,53,4,1,3,4,4,1,3,2,1,0,3,3,2,3,1,0,0,0,0,1,2,2,0,2,1,1,0,2
2,1,1,1,1,2,2,2,4,4,5.6,70,2,2,2,1,4,0,3,2,2,1,2,2,1,3,1,0,0,0,0,1,3,2,0,1,0,0,1,0
1,1,1,2,2,3,1,3,4,4,5.8,55,3,2,2,3,1,2,2,2,3,2,2,2,2,3,1,0,0,0,2,2,1,3,1,2,1,2,2,2
1,1,1,2,2,3,1,2,3,4,5.5,52,2,1,2,2,1,1,1,1,2,0,2,2,2,3,2,2,1,1,0,2,3,2,2,2,1,2,2,2
2,1,1,2,1,2,2,1,3,3,5.4,55,4,2,2,4,1,0,1,0,2,0,2,2,2,1,3,0,0,2,2,0,3,4,0,0,0,1,0,1
1,1,1,2,1,3,1,2,4,1,5.3,48,2,1,1,3,3,1,1,0,0,0,3,3,2,4,2,1,1,0,1,0,2,2,2,1,2,2,2,2
1,1,1,2,1,3,2,2,3,4,5.5,47,4,2,2,4,1,2,1,2,1,0,2,2,2,2,2,3,0,0,0,1,3,4,3,3,3,3,3,3
2,1,1,2,1,1,1,2,4,4,5.4,52,1,0,2,1,3,0,2,0,2,0,1,2,2,3,2,1,1,0,0,1,1,1,1,2,1,0,1,1
1,1,1,1,1,2,4,3,1,4,5.7,64,2,3,3,1,4,2,3,2,1,1,3,3,3,1,3,2,2,1,1,3,2,2,3,3,3,3,3,3
1,1,1,2,1,1,2,3,4,4,5.8,61,2,0,2,1,1,1,3,0,3,0,0,0,0,2,1,0,0,0,0,0,2,0,1,0,0,1,0,0
2,1,1,1,1,2,2,3,4,4,5.5,57,2,1,3,1,4,1,2,2,3,0,2,1,2,3,1,0,0,0,0,0,2,0,2,0,0,0,0,2
2,1,1,2,1,3,2,2,4,4,5.6,50,4,1,2,4,3,2,2,0,3,1,1,1,1,3,2,0,0,0,0,0,3,1,1,1,0,2,1,1
1,1,1,2,1,3,3,2,4,2,5.6,57,1,0,2,1,3,0,2,0,1,1,3,1,2,3,0,0,0,0,2,1,2,1,0,1,1,1,2,3
2,1,1,2,1,3,2,3,2,2,5.9,70,2,2,2,2,3,0,2,1,1,1,2,2,2,3,1,1,0,0,2,0,2,1,1,0,0,0,1,0
1,2,1,2,2,3,1,2,4,2,5.3,55,4,1,3,4,4,2,2,0,3,0,0,0,0,1,1,0,0,1,0,1,2,2,0,0,0,0,1,1
2,1,1,1,2,1,1,2,3,3,5.1,90,2,2,3,3,3,1,1,1,2,0,2,1,1,2,1,1,0,0,0,0,2,3,2,1,0,1,0,2
1,2,1,2,2,3,1,1,3,1,5.2,53,2,1,3,3,3,0,2,2,0,0,3,3,3,3,3,1,1,0,1,1,2,2,1,0,1,0,2,1
1,2,1,2,1,3,1,3,4,4,5.3,50,3,2,3,4,1,1,2,0,1,0,2,1,1,3,2,1,0,0,0,2,3,2,1,1,1,1,0,2
2,1,1,2,2,3,1,1,3,2,5.7,63,3,1,3,3,3,1,1,2,2,1,2,2,3,4,2,0,0,0,0,2,1,3,2,3,1,0,2,0
1,2,1,2,2,3,1,3,3,2,5.2,70,2,2,3,4,1,2,1,1,2,0,2,2,2,3,1,0,0,0,0,2,1,3,2,3,2,2,2,2
1,2,1,2,2,1,2,1,4,3,5.5,53,1,3,2,1,1,2,2,2,1,0,2,1,2,2,1,0,0,1,2,2,1,0,0,2,0,1,0,2
1,1,2,2,2,3,1,2,3,3,5.7,53,4,2,2,4,3,1,2,2,1,0,2,2,2,3,1,0,0,0,2,1,3,2,2,2,1,2,1,2
1,1,1,2,2,3,1,2,4,4,5.9,88,3,1,3,3,3,1,2,2,2,0,2,2,2,3,0,1,0,0,0,0,3,1,2,1,1,0,1,2
1,2,1,2,2,3,1,3,4,2,5.4,56,2,2,2,4,1,1,2,0,2,0,2,1,2,4,1,0,0,1,2,0,1,1,0,1,0,1,2,3
1,2,1,1,2,3,2,3,4,4,5.2,48,3,2,2,1,1,1,3,2,1,0,2,1,2,3,1,0,0,0,0,1,2,0,2,2,1,2,1,1
2,2,1,1,2,3,2,3,3,4,5.2,68,1,2,3,1,2,2,2,2,2,0,3,3,1,3,2,0,1,0,0,2,2,2,2,2,1,3,2,2
2,1,1,2,2,1,1,1,4,4,5.5,60,2,0,3,4,3,1,2,0,2,2,2,2,3,3,3,1,2,1,1,0,3,3,1,2,1,2,2,3
2,1,1,2,1,3,2,1,4,2,6.2,80,2,2,2,3,1,1,2,2,2,1,2,2,2,2,1,1,1,1,2,2,2,2,2,2,2,2,2,2
2,1,1,2,2,3,1,1,4,3,5.7,57,4,2,3,3,1,2,2,1,2,0,3,3,2,4,2,2,1,1,1,2,3,3,2,2,2,3,3,3
2,1,1,2,2,3,1,1,4,4,5.9,62,4,2,3,4,3,1,1,0,2,1,2,3,3,4,1,0,0,0,2,1,1,1,1,2,2,2,3,3
2,1,1,2,2,3,2,3,4,2,5.1,87,2,1,3,3,3,0,2,0,2,0,2,2,1,2,0,0,0,0,0,0,2,1,2,0,0,1,0,2
1,2,1,2,2,3,2,1,3,1,5.3,57,4,2,3,3,1,2,2,0,1,0,3,2,3,4,2,0,0,1,2,0,2,3,2,3,2,0,2,3
1,2,1,2,2,3,1,3,4,4,5.5,65,3,1,3,3,4,2,2,0,1,0,3,1,2,3,2,0,0,1,0,2,2,3,2,3,2,3,3,3
1,1,1,2,2,3,1,1,4,2,5.8,75,3,2,2,3,1,0,2,1,2,0,2,2,2,4,1,1,1,1,0,1,3,2,2,2,2,2,2,2
2,2,1,1,2,3,3,2,4,4,5.4,70,1,1,3,1,1,1,2,2,0,0,1,1,1,3,1,0,0,0,2,0,2,0,0,0,1,0,0,1
1,2,1,1,2,3,2,3,4,4,5.4,44,4,2,2,3,3,2,1,0,2,0,1,1,1,2,1,0,0,0,0,0,2,0,2,0,0,1,0,2
2,2,1,2,2,3,1,2,3,3,5,50,4,2,1,4,4,0,2,2,1,0,2,2,2,3,1,1,1,1,1,2,3,2,0,2,0,0,2,2
1,1,1,2,2,3,2,1,3,2,6.2,84,4,3,3,4,4,2,2,2,1,0,3,3,2,3,1,1,1,0,1,0,1,3,2,2,2,2,2,3
1,1,1,2,2,3,1,3,2,1,5.8,75,4,3,2,4,3,1,2,1,0,2,3,3,3,4,2,0,1,2,2,2,2,3,3,3,2,3,3,3
1,1,1,2,2,3,1,1,3,3,5.8,63,1,0,1,2,3,1,1,0,2,0,1,1,1,3,1,0,0,0,0,1,2,1,2,2,0,1,3,2
2,1,1,2,2,3,2,1,2,2,5.7,77,1,1,2,1,4,1,1,0,1,0,2,2,2,3,1,1,0,0,0,0,2,1,1,1,0,1,1,1
1,2,1,2,2,3,1,1,2,3,5.4,45,3,2,1,3,1,2,2,0,1,0,1,1,1,2,1,0,0,0,0,0,1,1,1,0,1,0,0,2
2,1,1,2,2,3,1,3,4,3,5.1,112,3,1,3,3,1,0,2,0,2,1,1,1,2,3,1,0,0,0,0,1,2,0,1,0,0,1,0,3
1,2,1,2,2,3,4,3,4,2,5.4,55,3,3,3,4,1,1,2,2,2,0,3,2,3,0,3,3,1,0,2,2,2,3,1,2,1,3,2,3
1,2,1,2,1,3,1,2,4,4,5,46,2,1,3,3,3,1,2,0,1,0,2,1,1,3,1,1,0,2,2,0,2,1,2,2,1,1,2,3
1,2,1,1,2,3,1,3,4,2,4.11,53,2,3,3,3,3,2,2,2,2,0,2,1,0,3,1,0,0,1,2,1,3,1,2,2,1,1,1,3
1,2,1,2,1,3,1,3,4,2,5.3,47,1,0,1,1,1,0,2,0,2,0,1,1,1,2,1,0,0,0,0,0,2,0,1,0,0,1,0,1
1,2,1,1,2,3,2,3,4,4,5.2,47,3,3,3,3,1,0,3,2,3,0,1,1,1,2,1,0,0,0,0,0,2,1,1,0,1,2,2,2
1,2,1,1,2,4,1,3,4,4,5.3,63,1,0,3,2,1,0,2,0,3,0,1,2,1,3,1,0,0,0,0,0,2,1,1,0,0,0,1,2
1,2,1,1,1,3,1,3,4,3,5.2,60,3,1,2,4,1,1,3,0,2,0,2,1,1,3,1,0,0,0,0,2,2,1,0,2,0,1,1,2
2,1,3,2,2,3,2,3,4,4,5.1,60,1,2,3,3,3,0,2,2,2,2,3,2,2,3,1,2,1,1,0,2,2,3,2,2,0,1,2,2
1,2,1,1,2,3,1,2,3,2,5.1,67,3,2,2,3,1,0,2,0,2,0,3,2,2,0,2,1,0,0,2,0,2,0,1,2,0,0,2,1
1,2,1,2,2,3,1,3,4,4,5.2,50,4,2,2,4,2,1,2,2,2,0,3,3,2,4,2,1,0,0,0,0,3,3,2,2,0,2,1,2
1,2,1,1,2,3,1,3,4,2,5.3,56,1,1,3,4,1,1,2,0,3,0,1,1,1,2,0,0,0,0,0,0,3,0,1,0,0,1,2,2
1,2,1,2,2,3,1,2,4,2,5.3,58,2,2,3,4,4,0,2,0,1,0,3,2,3,4,1,0,0,0,2,2,1,1,2,2,1,3,2,2
1,2,1,1,2,3,2,3,3,4,5.8,45,3,3,3,3,4,1,2,1,0,0,2,2,2,3,1,0,0,0,0,2,2,3,2,1,1,2,2,2
3,1,1,1,1,1,1,3,4,3,5.4,60,4,2,2,3,4,2,2,1,1,1,2,1,2,1,2,1,1,1,2,0,3,1,2,2,2,3,2,2
1,1,1,2,1,3,2,1,4,2,5.7,77,4,3,3,4,1,1,2,0,3,0,3,3,2,3,1,1,1,2,1,0,2,4,2,2,1,2,2,2
1,2,1,2,2,3,1,1,4,2,5.4,50,3,2,2,2,2,1,1,2,2,0,3,3,3,4,1,1,0,1,1,2,2,2,2,2,2,2,3,2
1,2,1,2,2,3,4,2,4,2,5.4,75,1,2,2,1,1,1,2,0,2,0,3,2,2,3,2,0,0,0,2,0,2,0,1,2,2,0,2,0
1,1,1,1,1,1,2,1,3,4,6.1,66,1,0,3,1,3,1,2,0,1,0,2,2,2,4,2,2,2,0,1,3,2,0,2,3,1,2,3,0
1,1,1,2,2,3,1,3,4,2,5.5,55,1,0,1,4,3,0,2,1,0,0,2,2,2,3,1,1,1,0,1,0,1,2,1,3,3,3,1,3
1,2,1,2,2,3,1,3,4,4,5.4,70,2,2,2,2,1,1,2,2,1,0,1,1,1,2,3,1,1,0,0,3,2,0,1,0,1,1,2,2
2,1,1,2,2,3,1,3,4,4,5.1,76,1,1,3,1,1,0,2,1,3,1,3,3,3,4,1,0,0,0,1,3,3,0,3,3,3,3,3,1
1,2,1,2,2,3,2,1,4,2,5.1,43,1,2,1,1,2,0,2,0,2,0,3,1,3,3,1,0,1,1,2,0,3,3,2,1,1,0,2,3
2,2,1,2,2,3,2,3,3,1,5.2,62,4,1,3,4,1,2,1,1,1,0,3,3,3,4,3,3,2,2,1,1,1,4,1,3,3,3,3,3
1,2,1,1,2,3,2,3,3,2,5.2,53,1,1,3,1,1,0,2,2,0,0,0,0,1,2,1,0,0,0,0,0,2,1,1,0,0,1,0,2
1,2,1,2,2,3,1,2,4,2,5,59,4,0,2,1,3,0,2,2,2,0,2,1,1,3,1,0,0,0,0,0,2,1,1,0,0,1,0,0
2,1,1,2,2,3,1,2,4,2,5.5,60,3,2,3,3,3,1,2,1,2,0,3,3,2,4,2,1,1,2,2,0,2,3,2,2,0,3,1,3
2,1,1,1,2,1,3,2,3,2,5.7,70,2,2,2,1,3,2,2,2,1,0,2,1,2,4,1,1,1,1,2,0,2,2,2,2,0,0,0,2
2,1,1,2,2,3,1,2,4,2,6,64,1,2,3,3,1,1,2,0,2,1,2,1,1,3,2,0,1,0,0,1,2,0,1,2,1,0,0,2
1,1,1,2,2,3,1,1,4,4,5.6,67,1,0,1,2,3,0,1,0,1,0,1,1,2,2,1,1,0,0,1,0,3,2,2,2,2,0,0,2
2,2,1,2,2,3,1,1,3,2,5.4,69,2,2,3,3,3,1,1,2,1,0,2,1,1,3,2,1,2,1,2,0,2,3,2,1,1,2,2,3
1,2,2,2,2,3,1,1,3,2,5,54,3,2,3,4,3,2,1,0,1,0,3,3,2,4,3,3,1,2,2,2,2,4,2,3,2,3,3,3
1,1,1,2,2,3,3,1,4,4,5.7,94,3,2,3,3,3,1,2,2,2,2,3,3,1,1,1,0,0,0,0,2,1,0,1,0,0,2,2,2
2,1,1,2,2,3,1,1,2,3,5.5,57,3,3,2,3,3,2,1,0,1,1,3,2,3,3,1,0,1,2,2,1,2,2,1,2,1,0,3,2
2,1,1,2,2,3,1,3,4,2,6,80,1,0,2,1,3,0,1,0,0,0,1,0,0,4,3,1,1,1,0,3,1,2,2,0,3,3,3,3
1,1,1,2,1,3,2,1,3,3,5.1,68,4,2,3,4,1,2,2,0,3,0,3,3,3,4,3,2,1,1,2,1,2,3,0,2,1,2,1,3
2,2,1,1,2,3,2,3,4,4,5.2,65,2,2,3,3,3,1,2,0,1,0,1,1,1,1,1,1,0,0,0,0,2,0,1,0,0,0,0,0
2,1,2,2,2,3,1,3,4,4,5.8,70,2,1,3,4,3,1,2,0,2,1,2,0,0,4,1,1,1,0,0,2,3,2,2,2,0,1,2,2
1,1,1,2,2,3,1,1,3,2,5.9,73,3,0,3,2,3,1,2,0,3,0,1,2,1,3,1,0,0,0,0,0,2,2,0,2,0,0,1,3
2,1,1,2,1,3,1,2,4,4,5.9,68,2,2,1,3,3,1,2,2,2,1,1,1,1,3,1,0,1,0,2,0,2,1,2,2,1,2,2,2
2,1,1,1,2,3,1,2,4,4,5.6,53,1,0,3,1,3,1,2,0,2,1,2,1,1,1,2,1,1,1,2,2,3,4,2,2,1,2,2,3
2,1,1,2,2,3,2,3,4,3,5.9,68,4,3,3,4,3,1,2,1,2,0,3,3,3,4,1,1,1,0,1,1,1,4,1,1,1,3,3,2
1,1,1,2,2,3,2,2,4,3,5.5,92,4,1,3,4,3,1,1,2,1,0,2,2,2,1,2,0,1,0,0,1,3,3,1,2,0,2,2,2
1,1,1,2,2,3,1,3,4,4,6.2,74,1,0,2,1,3,1,2,0,2,1,1,1,1,2,0,0,0,0,2,0,1,0,0,0,0,0,0,0
1,1,1,2,2,3,2,1,2,2,5.1,58,3,2,3,3,1,1,1,2,2,1,3,3,3,4,1,0,1,0,2,1,2,3,0,2,2,0,3,2
1,2,1,2,1,3,1,1,2,1,5,39,3,3,1,4,3,2,2,2,0,0,2,2,3,4,3,0,1,0,2,2,2,1,2,1,1,2,2,1
1,2,1,2,2,3,1,1,4,2,5.3,73,4,2,2,4,4,2,1,2,1,0,3,3,2,3,3,0,0,0,0,1,2,0,2,0,1,0,2,2
2,1,1,2,2,3,1,2,3,3,5.9,75,3,1,3,4,3,1,2,1,1,1,3,3,3,4,2,1,1,0,0,0,2,3,2,3,1,2,3,3
1,1,1,2,2,3,1,3,3,3,5.8,58,4,2,3,4,3,1,2,0,1,0,2,1,0,2,1,0,0,0,0,0,1,2,0,0,0,1,0,3
1,1,1,2,2,1,3,1,4,2,5.6,57,2,0,3,2,4,0,2,0,1,1,3,1,2,2,1,0,0,0,0,1,3,1,1,2,1,1,1,2
2,1,1,2,2,3,1,1,3,2,5.7,68,2,0,3,4,3,0,3,0,1,1,3,3,3,4,2,1,1,0,0,0,2,2,0,2,0,1,0,0
2,1,1,2,2,3,1,1,3,4,5.8,75,2,3,3,4,3,1,2,0,1,0,2,2,2,3,2,2,1,0,0,2,2,3,2,2,2,3,2,2
1,2,1,2,2,3,1,2,3,1,5.2,65,4,2,3,4,4,0,1,1,1,0,3,2,1,4,1,0,1,0,1,1,2,2,2,2,3,0,2,2
1,2,1,2,2,3,1,3,4,2,5.6,62.5,2,0,3,1,1,1,2,2,3,0,1,1,0,2,0,0,0,0,0,0,2,0,1,0,0,1,0,0
1,1,1,2,2,3,1,1,4,3,5.7,69,2,2,1,2,3,1,2,0,3,0,3,3,3,4,1,0,0,0,0,1,2,1,1,2,2,3,3,2
1,1,1,2,2,3,1,2,3,2,5.8,95,2,2,2,3,1,2,2,0,1,0,2,1,1,3,1,1,0,0,2,0,2,2,0,1,2,0,2,2
1,1,1,2,2,3,1,1,3,4,5.5,49,4,2,3,4,3,1,2,0,1,0,3,3,2,4,2,1,1,0,2,2,1,3,2,2,2,1,2,3
1,2,1,2,2,3,2,1,4,3,4.11,47,4,3,3,4,3,2,2,2,0,0,3,3,2,4,3,0,1,1,0,2,2,2,2,2,0,0,2,2
1,1,1,2,2,3,2,2,3,2,5.7,58,3,1,3,2,1,1,2,2,2,0,3,3,3,3,2,2,2,1,1,0,1,3,2,2,2,2,2,2
1,2,1,2,2,3,3,3,3,2,5,70,3,2,3,2,1,1,2,0,0,0,2,2,2,3,2,2,0,0,0,0,2,2,0,0,0,1,1,2
1,1,2,2,1,3,1,2,3,2,5.4,52,1,0,1,1,1,0,2,0,1,0,0,0,0,2,1,1,0,0,0,1,2,1,1,0,0,0,0,1
1,1,1,2,2,3,1,3,3,2,5.11,79,2,1,3,1,1,1,2,2,2,0,2,1,1,2,0,0,0,0,0,0,3,0,1,1,0,1,0,1
1,2,1,2,2,3,1,1,4,4,4.11,45,4,1,3,4,2,1,3,0,2,1,0,0,0,0,1,1,0,0,0,0,3,0,2,0,0,1,1,3
1,1,1,2,2,3,2,1,3,2,5.5,58,2,2,3,4,3,1,2,0,2,0,2,2,1,3,1,2,0,0,0,1,2,1,1,0,1,1,2,3
1,1,1,1,1,3,2,3,3,4,5.1,64,1,1,3,2,3,1,2,2,3,0,2,2,2,3,3,2,0,0,0,0,3,0,0,1,1,1,1,0
1,2,1,2,2,3,1,3,3,4,5.3,68,2,2,3,2,4,2,2,0,1,0,1,2,1,3,3,1,1,0,2,2,3,0,0,1,2,2,1,1
1,2,1,1,2,3,1,1,4,2,5.2,51,2,1,3,4,3,2,2,2,1,0,3,3,3,4,1,1,0,0,2,0,1,2,2,3,2,2,2,3
1,2,1,2,2,3,1,1,4,4,5.6,61,1,1,2,3,1,1,1,2,2,0,3,2,2,3,1,1,0,0,2,1,2,1,2,1,1,2,2,2
1,2,2,2,2,3,1,3,4,4,5.4,70,1,1,3,4,3,1,2,0,3,0,2,2,1,3,1,1,0,0,0,1,3,2,2,0,0,0,1,3
1,2,1,2,2,4,2,1,3,2,5.6,65,4,3,3,4,3,1,2,0,0,0,3,3,3,4,3,3,2,0,1,3,1,3,3,3,3,0,3,3
1,2,2,2,2,3,1,3,4,4,5.3,65,4,2,2,4,1,1,2,2,1,0,2,0,1,3,1,0,0,0,0,1,2,2,1,2,0,2,0,1
2,2,1,1,2,3,2,3,3,3,5.3,68,3,1,3,2,1,0,3,0,1,0,2,2,2,3,2,0,0,0,2,1,2,1,1,1,0,2,0,2
1,2,1,1,2,3,2,2,4,3,5.4,65,2,2,3,3,1,1,3,2,2,0,1,2,1,3,1,0,1,0,2,2,3,1,1,1,1,0,1,2
2,1,1,2,2,2,2,3,4,4,5.6,55,3,1,2,3,4,2,2,1,3,1,3,3,2,3,2,1,1,1,2,0,3,0,2,0,0,0,2,1
2,1,1,2,2,1,1,1,4,2,5.5,64,1,2,3,3,1,1,2,0,1,0,3,3,3,4,3,1,1,2,1,2,2,4,2,3,2,2,3,3
2,1,1,2,2,3,2,1,2,4,5.8,50,4,0,3,4,1,1,1,0,1,1,2,1,2,4,2,0,1,1,0,1,2,3,1,2,0,0,2,0
1,1,1,2,1,3,2,2,4,4,5.9,72,1,1,2,3,1,0,2,2,2,2,2,2,2,3,1,1,0,0,2,1,2,1,1,1,0,0,1,2
2,2,1,1,2,3,2,3,2,2,5.6,61,2,2,1,4,4,0,3,0,0,0,2,2,1,3,1,0,1,1,0,1,2,2,2,2,0,0,1,3
1,1,1,2,1,1,1,3,4,4,6,88,1,0,2,3,1,2,1,0,1,0,3,3,2,2,1,1,1,1,2,2,2,2,2,2,2,2,2,3
2,1,1,2,2,3,1,3,4,4,5.11,100,1,2,3,1,3,1,2,2,1,1,3,2,2,3,1,1,1,0,2,0,3,0,0,2,0,0,2,2
2,1,1,2,2,3,1,2,4,3,5.1,78,3,2,3,3,1,0,2,0,0,0,2,2,0,1,1,0,0,1,2,0,2,0,1,0,1,1,1,1
1,2,1,2,2,3,1,1,4,3,5.3,41,1,2,2,2,3,1,2,0,2,0,2,1,1,3,2,0,0,0,0,1,2,2,2,1,1,1,1,1
1,1,1,1,2,1,2,1,3,2,5.5,78,1,3,3,4,3,0,2,2,1,0,3,3,3,4,1,0,0,1,0,2,1,0,1,1,0,2,2,2
2,1,1,2,2,3,2,3,4,4,6,70,2,2,3,3,1,1,2,0,2,2,2,2,2,3,2,1,1,0,1,0,3,3,2,2,0,2,0,2
1,2,1,2,2,3,2,3,3,2,5.1,48,4,2,3,4,1,1,2,0,0,0,3,2,2,4,3,2,1,0,2,2,2,3,0,0,0,0,1,2
2,2,1,1,2,3,1,3,4,3,5.7,70,2,1,3,1,1,1,2,0,2,0,1,2,1,2,1,0,0,0,2,0,2,1,0,1,1,1,0,1
1,2,1,2,2,3,1,1,4,2,5.4,55,1,1,2,1,1,0,2,0,3,0,1,0,1,3,1,0,1,0,1,2,2,1,0,0,0,1,0,2
1,2,1,2,2,3,1,1,3,3,5.2,41,4,3,3,3,1,0,1,1,1,0,3,2,1,3,2,0,1,0,0,1,3,1,1,0,0,3,2,2
1,2,1,2,2,3,2,1,4,2,5.4,59,2,0,1,3,1,2,1,0,2,0,1,1,1,2,1,0,0,0,0,0,3,1,1,1,0,1,1,2
1,1,1,2,2,3,1,3,4,2,5.1,52,2,0,3,3,1,2,2,0,2,0,1,1,1,2,1,0,0,0,0,0,3,0,1,0,0,1,0,2
2,2,1,2,2,3,1,1,3,3,5.1,57,2,3,2,3,2,1,3,2,1,0,3,3,2,3,1,0,2,0,1,2,2,3,2,3,0,2,3,2
1,1,1,2,1,3,1,1,4,4,5.5,84,1,1,3,4,3,2,1,0,3,0,3,3,3,4,3,3,1,0,2,3,3,4,2,1,0,3,3,3
1,2,1,2,1,3,1,1,4,3,5.3,46,2,2,2,1,1,1,2,2,1,0,2,2,2,3,2,1,1,2,2,2,2,2,0,2,2,0,2,2
1,2,1,2,2,3,1,3,4,3,5,45,2,2,1,2,4,2,1,0,0,0,2,1,1,2,2,0,0,0,2,0,2,3,1,1,0,0,1,3
1,2,1,2,2,3,1,2,4,4,5,45,2,0,1,1,1,2,2,0,1,0,0,0,1,2,1,0,0,0,0,0,3,0,1,0,0,0,0,0
1,2,1,2,2,3,1,2,4,2,5.5,76,1,0,1,1,3,1,2,0,0,0,1,0,0,2,1,0,0,0,0,0,2,2,0,0,0,1,0,0
1,2,1,2,1,3,1,3,4,1,5.3,43,2,2,3,4,3,1,2,2,1,0,1,1,1,3,3,0,0,2,0,0,1,1,2,0,0,1,2,2
1,2,1,2,2,3,1,3,4,2,5.2,55,3,2,3,3,1,0,3,1,0,0,0,1,1,3,1,0,1,0,0,0,2,4,2,0,0,1,0,3
1,2,1,2,2,3,2,1,3,2,4.11,45,4,0,2,3,3,2,2,0,1,0,3,3,1,4,0,0,0,0,0,1,2,1,1,0,0,1,0,0
1,2,1,2,2,3,1,1,4,2,5.2,55,1,2,2,1,1,0,2,2,2,0,3,2,1,3,1,0,0,0,0,0,1,1,2,1,1,1,1,1
1,2,1,2,2,3,1,1,4,2,5.6,75,3,0,2,2,1,0,2,0,2,0,1,0,0,2,2,0,0,0,0,0,3,0,1,0,0,1,0,0
1,1,1,1,2,3,1,2,4,2,5.6,70,2,2,3,2,1,1,1,2,2,2,2,1,1,2,2,1,1,0,0,0,2,2,0,1,0,0,0,2
1,1,1,2,2,3,1,2,4,2,5.1,73,2,1,2,2,3,0,2,0,2,1,3,2,2,4,1,0,0,0,0,0,2,0,1,0,0,2,0,0
1,1,1,2,2,2,1,2,4,1,5.1,82,3,0,3,4,1,1,2,2,3,1,3,2,1,3,2,0,1,0,1,1,2,3,2,3,2,3,2,2
1,2,1,2,2,3,1,3,4,1,5.2,50,3,2,3,4,3,1,2,0,1,0,3,3,3,4,3,0,2,0,1,1,1,4,2,3,2,2,3,2
1,2,1,2,2,3,1,3,4,1,5.2,50,3,2,3,3,3,1,2,0,1,0,3,2,2,4,3,0,2,0,0,2,2,0,2,3,0,0,0,2
1,2,1,2,2,3,1,3,4,2,5.1,46,3,0,1,3,4,1,2,0,1,0,1,1,0,2,2,0,0,0,0,0,2,2,1,1,0,1,0,0
1,1,1,2,2,3,2,1,4,2,5.1,56,1,0,3,1,3,0,2,0,2,0,2,1,1,2,1,0,0,0,0,0,2,0,1,0,0,1,0,2
1,1,1,2,2,3,1,1,4,3,5.7,75,2,0,3,3,1,2,1,0,2,0,2,2,2,3,0,0,1,0,0,0,3,2,1,2,3,2,1,2
1,2,1,2,2,3,1,3,4,3,5.5,75,3,2,2,4,3,2,1,1,0,0,3,3,2,3,2,2,1,0,0,2,1,3,1,2,2,1,2,1
1,1,1,2,2,3,1,3,3,2,5.8,66,4,1,3,3,1,1,2,2,1,2,3,2,2,1,1,2,0,0,2,0,1,3,1,0,1,0,0,1
1,2,1,2,2,3,1,3,4,1,5,40,1,0,1,1,1,0,3,0,0,0,2,1,1,2,3,1,0,0,1,3,1,2,1,2,0,0,0,0
1,1,1,2,2,3,1,1,4,2,5.1,58,4,2,3,4,3,1,3,0,3,0,3,3,2,3,1,1,0,0,2,0,2,2,0,0,0,1,1,0
1,1,1,2,2,3,1,3,2,1,5.11,66,2,3,1,4,1,1,3,0,2,0,3,3,3,4,3,2,1,2,1,3,1,2,2,2,2,0,3,3
1,2,1,2,1,3,1,2,4,2,5,40,3,3,2,3,1,0,1,0,1,0,2,0,0,4,1,0,0,0,2,2,2,0,1,0,0,1,2,2
1,2,1,2,2,3,1,2,4,2,5.5,60,4,2,3,3,3,0,2,0,0,0,2,2,2,3,3,0,2,0,0,2,2,1,1,2,1,2,2,3
1,2,1,2,2,3,1,2,3,2,5.3,44,4,2,3,3,1,0,1,0,2,0,2,2,2,1,3,2,2,0,0,3,1,0,0,2,1,0,2,3
1,2,1,2,2,3,1,3,3,2,5.4,56,2,3,3,2,3,2,3,0,3,0,2,1,1,2,3,0,2,0,1,3,1,1,1,1,0,0,1,3
1,2,1,2,2,3,1,2,4,4,5.6,70,4,2,1,3,1,1,2,2,2,0,2,2,0,3,1,0,1,1,0,2,2,1,3,3,2,0,0,2
1,2,1,2,2,3,2,1,3,2,5.1,61,3,3,3,4,3,1,2,1,1,0,3,3,2,3,3,3,1,0,1,2,2,3,0,3,2,0,3,2
1,1,1,2,2,3,1,1,4,2,5.8,73,3,1,2,3,1,0,3,0,2,0,2,2,1,3,0,0,0,0,0,0,2,1,2,1,0,2,1,0
1,2,1,2,2,3,2,3,4,3,5.3,45,2,2,3,1,3,1,2,2,2,0,3,2,2,3,2,1,0,0,2,2,2,2,2,2,1,0,1,2
1,1,1,2,2,3,1,1,2,1,6,79,2,2,2,4,1,1,1,0,3,0,1,1,1,2,2,0,1,0,1,3,2,0,1,0,0,0,2,0
1,2,1,2,2,3,1,2,4,2,5,38,3,1,1,2,3,1,2,2,0,0,2,2,2,3,1,0,0,1,0,0,2,2,1,0,0,1,2,2
1,1,1,2,2,3,1,1,3,3,5.1,65,4,3,3,4,3,1,1,1,1,1,3,3,2,4,2,2,1,2,0,2,3,4,2,3,2,3,3,3
1,2,1,2,2,3,1,1,4,3,5.4,60,2,2,2,1,3,1,2,0,1,0,2,2,1,3,2,0,1,0,0,0,2,0,2,2,0,3,2,2
1,1,1,2,2,3,1,2,4,1,5.9,69,3,3,1,3,4,1,2,0,0,1,3,3,3,4,1,0,1,0,2,1,1,0,0,3,0,1,2,3
2,1,1,2,1,3,1,1,4,2,5.7,59,3,2,2,2,3,0,2,2,2,0,2,2,2,3,1,0,0,0,2,0,2,2,0,0,0,0,2,2
1,1,1,2,1,3,2,1,4,4,6,65,3,0,3,2,4,2,3,0,3,0,1,1,1,2,1,0,0,0,0,0,1,0,2,0,0,1,0,0
2,1,1,1,1,2,2,2,4,4,5.6,70,4,0,2,3,1,0,2,0,2,0,2,2,2,3,1,0,1,1,2,0,2,2,1,2,1,1,0,2
1,1,1,2,1,4,1,2,3,4,5.11,65,1,2,2,4,1,1,2,0,2,0,1,1,1,2,1,0,0,0,0,1,2,2,1,0,0,0,0,1
2,1,1,2,1,3,2,2,4,3,5.5,56,3,2,2,3,3,1,2,0,2,0,1,2,2,3,1,0,0,0,0,0,2,0,2,0,0,0,2,3
2,1,1,2,1,4,1,2,3,2,5.7,70,4,1,3,4,1,2,2,0,2,0,0,0,1,2,1,0,0,0,0,1,2,0,0,0,0,0,0,1
1,1,1,2,1,3,2,2,2,4,5.4,58,4,1,2,3,3,2,2,0,2,0,2,2,3,2,1,1,0,0,0,1,3,4,1,0,0,3,2,1
3,2,1,1,2,4,1,3,4,4,5.3,85,2,2,2,2,1,2,3,0,0,0,3,3,3,4,0,0,0,0,0,0,1,0,1,0,0,0,0,2
1,1,1,2,1,3,1,2,4,3,5.5,58,3,2,2,3,1,0,2,0,2,0,2,2,1,0,1,0,2,1,2,3,1,3,2,3,1,0,1,0
1,1,1,2,1,3,1,2,4,4,5.7,62,1,2,3,1,3,1,3,0,3,0,0,1,0,2,0,0,0,0,0,0,2,0,1,0,0,1,0,1
2,1,1,1,1,4,1,2,3,2,5.6,57,1,0,2,4,3,0,2,0,0,0,1,1,1,2,1,0,0,0,0,2,2,3,1,0,0,0,0,0
3,1,1,1,1,2,2,3,2,1,5.3,70,2,1,1,3,1,2,2,1,0,0,3,3,3,4,2,1,0,0,0,0,2,3,1,2,3,3,1,0
3,1,1,1,1,2,2,2,3,4,5.8,90,2,2,2,4,3,1,3,0,1,1,1,1,1,2,1,1,0,0,0,1,3,1,2,1,1,2,2,1
2,1,1,1,1,4,1,1,4,4,5.6,52,1,0,1,4,1,0,1,0,0,1,2,2,0,3,3,0,0,1,0,2,3,4,2,2,2,3,2,3
2,1,1,1,1,2,2,2,4,4,5.5,54,4,2,2,4,4,0,3,2,1,1,2,3,2,4,2,2,0,2,1,2,2,0,0,0,0,0,3,2
2,1,1,2,1,4,1,1,4,4,5.8,70,1,0,2,4,1,0,2,0,0,2,0,0,0,2,0,0,0,0,0,0,3,0,0,0,0,0,0,0
2,1,1,2,1,2,1,1,4,4,5.4,60,4,1,1,4,1,0,2,0,0,1,2,1,1,2,0,0,0,0,1,0,3,2,1,2,0,1,0,0
1,1,1,2,1,3,1,2,4,1,5.5,67,1,1,2,3,3,0,1,0,0,0,1,0,1,3,1,0,0,0,0,0,1,1,1,1,0,0,1,1
1,1,1,2,1,3,1,2,4,2,5.6,51,3,2,2,4,3,2,2,0,1,1,3,2,2,4,0,1,0,0,1,2,3,4,2,2,2,0,2,3
1,2,1,2,2,3,1,2,3,2,5.3,54,4,2,2,4,1,0,2,0,1,0,2,2,2,3,3,0,1,0,0,0,1,3,0,0,1,1,0,2
1,1,1,2,2,4,2,2,4,2,5.8,90,1,0,3,1,1,2,1,2,2,1,1,0,1,2,1,0,0,0,0,0,2,0,1,2,0,1,0,2
2,1,1,2,1,4,1,1,3,2,5.5,59,4,2,3,4,1,0,3,2,0,1,3,3,3,4,2,2,2,1,1,0,2,4,3,2,2,2,3,3
1,2,1,1,1,3,1,3,3,3,5.5,80,4,0,3,4,1,1,2,0,0,0,3,3,3,3,3,2,2,2,2,0,2,0,1,3,2,2,2,2
1,1,1,2,1,3,1,2,4,4,5.7,72,1,1,3,1,4,1,2,2,3,0,2,2,2,3,2,0,0,0,2,2,2,0,1,1,0,1,0,1
2,1,1,1,2,3,2,3,4,4,5.6,76,1,0,3,2,1,0,2,2,2,0,3,2,3,4,1,0,0,0,0,0,2,1,1,1,0,1,2,2
2,1,1,1,2,3,1,3,4,3,5.5,52,2,2,3,3,1,2,2,2,3,0,2,1,1,3,2,1,1,0,0,2,2,2,0,1,0,0,2,2
1,1,1,2,1,3,2,1,4,3,5.8,70,4,1,2,4,3,1,2,1,2,0,2,2,1,3,1,0,0,0,1,2,2,0,2,1,1,2,2,1
1,1,1,2,1,3,1,3,4,4,6.2,66,1,0,2,2,3,1,2,0,1,0,2,0,1,2,0,0,0,0,0,0,3,0,1,1,0,2,2,3
2,1,1,2,1,4,1,2,3,2,5.6,55,4,2,2,4,1,1,3,0,0,1,2,1,1,2,0,0,0,0,0,0,3,0,0,2,0,0,0,3
2,1,1,1,1,2,2,3,3,2,5.4,66,4,1,2,4,3,1,2,1,0,0,3,3,3,4,3,3,2,1,1,3,1,4,2,2,2,1,2,3
2,1,1,2,2,3,1,3,4,2,5.6,75,2,2,3,4,3,1,2,1,1,0,3,2,2,3,2,0,1,1,0,0,2,3,2,2,1,2,2,3
1,1,1,2,2,3,2,1,2,4,5.8,74,4,2,2,4,4,2,1,0,2,0,3,3,3,4,2,0,1,0,2,2,2,1,0,1,0,1,2,3
2,1,1,2,1,2,2,3,4,2,5.4,72,1,3,2,1,3,2,2,0,1,0,3,3,3,4,1,0,0,0,0,1,2,0,1,2,0,0,1,2
2,1,1,1,1,2,2,2,4,4,5.11,73,1,0,2,2,1,1,2,0,3,0,3,2,1,2,3,1,1,1,1,2,3,2,2,2,2,2,2,2
1,2,1,2,2,3,1,3,3,2,5.1,60,4,0,2,4,3,1,2,0,2,0,0,1,1,2,2,2,1,1,0,1,3,3,1,1,1,1,1,2
3,1,1,1,1,4,2,2,3,3,5.5,62,3,1,1,2,3,1,2,1,2,1,2,1,1,3,2,2,2,1,0,2,2,3,2,0,1,2,2,0
2,1,1,2,1,3,1,3,4,4,5.8,64,4,1,2,3,3,1,2,0,2,1,1,1,1,2,1,0,0,0,0,0,3,0,1,1,0,0,1,1
1,1,1,1,1,3,1,3,4,4,5.7,69,2,1,2,3,1,0,2,0,2,0,1,0,1,3,2,0,0,0,0,0,3,0,2,1,1,1,0,3
2,1,1,2,1,4,2,1,4,3,5.3,53,1,2,2,1,3,0,2,0,2,2,0,2,2,2,2,0,0,0,1,3,2,2,3,1,3,2,3,3
1,1,1,2,1,2,2,1,4,4,6.2,76,4,3,2,4,3,2,2,1,2,1,2,2,2,4,2,0,2,0,1,0,2,4,3,1,0,2,2,3
1,1,1,1,1,2,2,1,4,4,5.1,70,3,2,2,2,3,0,3,0,2,0,0,0,1,2,0,0,0,0,0,0,2,0,1,2,0,1,0,2
1,1,1,2,1,3,2,2,4,4,5.5,54,1,2,3,3,3,1,2,0,3,0,2,1,2,2,1,0,0,0,0,0,1,2,2,0,1,2,0,1
1,1,1,2,1,3,2,2,4,4,5.4,59,4,2,1,4,3,0,2,1,1,0,0,2,2,3,1,1,2,2,1,2,3,2,2,2,2,3,3,3
1,1,1,2,1,3,2,1,2,4,5.9,53,4,2,1,4,3,0,2,1,1,0,2,2,2,4,1,0,0,0,2,2,3,2,1,0,0,0,2,2
2,2,1,1,2,4,2,3,4,4,4.1,47,2,2,3,1,1,1,3,0,2,0,2,0,1,2,1,0,0,0,0,0,2,0,2,2,0,1,0,2
1,1,1,1,1,4,1,1,4,2,5.5,45,1,2,2,1,3,0,2,0,0,1,2,2,3,2,1,1,0,0,0,2,3,1,2,0,0,1,2,0
2,1,1,2,2,1,1,1,4,1,5.4,55,2,3,1,1,2,2,2,1,2,0,2,2,2,1,2,1,0,0,0,0,2,3,1,0,0,1,0,1
1,1,1,2,2,3,1,1,4,4,5.4,78,1,0,1,1,1,0,2,0,3,0,0,0,0,4,3,0,0,0,2,0,2,0,1,0,0,0,0,0
2,2,1,1,2,4,1,3,4,4,5.2,65,1,1,3,1,1,0,3,2,2,0,1,1,1,3,1,0,0,0,0,2,2,0,1,0,0,1,0,0
1,2,1,2,2,3,2,3,4,3,5,45,1,2,2,1,1,1,2,0,1,0,1,1,1,2,1,0,0,0,0,1,2,0,1,1,0,1,0,2
2,2,1,1,2,4,1,3,4,4,5.1,58,1,1,2,1,1,2,2,0,2,0,1,1,1,2,0,0,0,0,0,0,2,0,1,0,0,1,0,0
1,2,1,1,2,4,2,1,4,2,5.3,62,2,2,1,2,1,1,1,0,1,0,1,1,1,2,1,0,0,0,0,0,2,0,0,0,0,0,0,2
2,1,1,1,2,1,1,3,4,4,5.7,78,2,0,3,3,4,2,2,0,2,0,1,1,1,2,1,0,0,0,0,0,2,2,1,1,0,1,0,0
3,2,1,1,2,4,1,3,3,0,5.3,66,4,3,3,4,4,2,2,1,3,0,3,3,3,4,3,1,2,1,1,3,2,4,3,2,3,2,2,0
2,2,1,1,2,4,2,3,4,4,5,62,2,2,3,1,3,2,1,1,0,0,2,0,0,3,1,1,0,0,0,2,2,2,1,0,0,2,0,3
2,2,1,3,2,1,1,1,4,4,5.5,73,2,2,3,4,4,2,1,0,2,1,1,1,0,2,2,0,1,0,0,2,2,2,1,0,0,0,0,0
3,2,1,1,2,4,2,3,4,4,5.2,60,1,2,2,1,1,2,2,0,2,0,1,1,1,2,1,0,0,0,0,0,2,2,1,0,0,0,0,0
1,2,1,1,2,4,1,3,3,2,5.1,69,2,1,3,2,1,0,1,0,1,0,0,1,1,2,1,0,0,0,0,0,2,0,1,0,0,1,0,1
1,1,1,2,1,3,2,2,3,4,5.6,60,3,0,3,3,3,2,2,2,3,0,3,1,0,1,3,0,0,0,0,0,2,2,1,2,0,0,3,3
3,1,1,1,2,4,1,3,4,3,5.1,80,1,3,2,2,3,0,2,1,3,0,2,2,3,2,0,0,0,2,1,0,1,4,2,0,0,1,2,3
3,2,1,1,2,4,2,2,4,3,5.2,75,4,2,3,4,3,1,1,2,0,0,3,3,3,3,3,0,0,0,2,2,1,3,0,2,0,0,0,2
2,1,1,1,2,1,1,1,4,4,5.11,98,3,0,3,3,1,0,1,1,3,0,0,0,0,2,0,0,0,0,0,0,3,2,2,0,0,1,3,0
3,1,1,1,2,1,2,2,4,4,5.5,74,3,3,3,3,4,0,2,0,3,2,2,2,1,1,0,0,0,0,0,0,2,4,2,0,0,1,0,3
2,1,1,1,2,1,2,3,4,0,5.3,73,4,2,3,4,1,0,1,1,0,2,0,1,1,3,1,0,2,0,0,0,2,3,1,3,3,1,3,3
2,2,1,1,2,3,2,2,3,2,5.2,50,1,2,3,2,3,0,2,1,1,0,2,3,2,3,1,0,1,0,2,0,2,3,2,2,2,3,2,2
2,1,1,1,2,2,1,2,4,4,5.7,90,1,1,3,1,3,2,2,2,3,0,1,1,1,3,1,1,0,2,0,0,1,0,2,1,0,1,0,0
1,2,1,1,2,4,2,3,4,4,5.3,49,2,2,3,2,3,1,1,0,1,0,0,1,1,2,1,0,0,0,0,0,2,2,1,2,0,0,0,0
1,1,1,2,2,3,2,3,4,2,5.7,50,3,3,3,2,3,1,2,1,1,0,3,3,1,4,1,1,1,1,1,0,2,3,2,3,2,3,2,3
1,2,1,2,2,3,1,2,4,3,5.4,83,4,2,3,4,1,0,1,1,2,0,3,3,3,4,2,0,1,1,0,2,3,2,1,2,1,3,3,1
2,2,1,2,2,3,1,1,4,4,5.2,43,4,1,2,4,1,2,2,0,1,0,2,2,2,3,2,0,0,0,0,0,1,2,0,0,0,0,2,2
1,2,1,2,2,3,1,1,3,1,5.4,50,3,2,3,3,1,2,2,2,0,0,3,3,3,4,3,2,1,1,1,0,1,2,3,3,3,3,2,3
1,1,1,2,1,3,1,1,4,3,5.6,52,2,2,3,1,3,1,2,1,1,1,3,3,3,3,2,3,2,2,0,2,1,2,2,3,0,0,0,0
2,1,1,2,2,3,1,1,4,2,5.4,59,2,2,3,4,1,2,2,2,3,0,2,1,1,1,1,0,0,0,0,1,2,0,1,0,0,2,2,2
1,1,1,2,2,3,2,3,3,1,5.1,93,3,3,3,4,1,2,2,1,0,0,2,2,3,0,3,1,0,1,2,3,1,2,1,0,0,3,1,0
1,1,1,2,2,3,1,2,4,2,5.5,57,3,1,3,1,4,1,2,0,2,0,2,2,2,2,1,1,0,1,0,1,2,1,0,1,0,0,1,0
1,2,1,2,2,3,1,2,4,3,5.2,58,2,2,2,4,2,1,2,2,1,0,2,2,2,3,2,2,1,1,2,2,2,3,2,2,1,0,2,2
1,2,1,2,2,3,2,1,4,2,5.3,43,1,2,3,4,4,2,2,2,1,0,3,2,3,1,1,0,0,0,2,1,2,2,2,2,0,0,2,1
1,2,1,2,2,3,2,1,3,4,5.7,85,3,2,3,2,1,1,2,0,0,0,3,2,2,4,2,0,0,0,2,1,3,1,0,1,1,0,2,0
1,2,1,2,1,3,1,1,3,2,5.2,46,4,1,3,3,3,1,2,2,0,0,2,2,2,1,3,3,0,1,2,2,2,1,2,1,2,0,1,0
1,2,1,2,1,3,1,2,4,2,5.2,52,3,2,3,1,1,1,2,2,2,0,1,1,1,3,0,1,0,0,2,1,2,3,2,3,2,2,2,2
1,2,2,2,2,3,1,1,4,2,5.2,50,4,2,3,3,3,2,2,1,1,0,2,1,1,4,1,0,1,1,1,1,2,2,2,2,2,2,2,3
1,1,1,2,1,3,1,1,4,4,5.1,74,4,1,3,4,3,2,3,0,3,0,2,2,2,3,2,3,2,1,0,1,3,4,2,2,1,1,2,2
1,1,1,2,2,3,1,1,2,2,5.6,69,4,1,3,4,1,0,1,0,2,1,3,3,3,4,3,0,2,2,2,1,2,4,2,1,1,0,1,2
1,2,2,2,1,3,1,3,4,1,4.11,44,4,2,3,4,1,1,2,2,0,0,2,2,0,3,1,0,0,0,0,1,2,2,2,1,0,2,2,2
1,1,1,2,1,3,1,1,4,4,5.1,77,4,1,3,3,3,0,3,0,3,1,1,1,1,2,1,0,0,0,0,0,2,0,2,0,1,0,1,0
1,2,1,2,1,3,1,3,4,1,5.2,42,2,3,3,2,1,2,2,2,2,0,3,2,3,4,2,0,0,1,1,2,2,0,1,1,1,1,2,0
1,2,1,1,2,4,2,3,4,1,5.1,69,2,0,3,1,1,1,2,0,0,0,1,1,0,2,1,1,0,0,0,2,2,0,1,0,1,0,0,0
1,1,1,1,2,3,1,3,2,2,5.1,83,4,2,3,4,1,2,2,1,1,0,3,3,3,0,2,2,0,1,1,0,2,4,1,2,0,3,1,2
1,1,1,2,2,3,1,1,4,4,5.7,64,3,1,3,3,1,2,2,1,1,1,3,3,3,4,2,2,1,1,1,1,2,4,3,3,1,3,3,3
1,2,1,2,2,3,1,1,3,2,4.9,44,1,2,2,1,3,0,1,2,0,0,2,1,2,3,2,0,0,1,2,1,1,2,1,2,1,2,2,1
1,2,1,2,1,3,1,1,4,2,5,41,1,0,2,1,3,1,2,0,0,0,2,2,1,3,3,0,1,1,0,0,2,1,1,1,0,0,3,3
1,2,1,2,2,3,1,3,4,4,5.1,48,1,0,2,2,3,2,1,0,2,0,1,1,1,2,0,0,0,0,0,1,2,3,2,0,2,1,0,3
1,2,1,2,1,3,1,2,4,1,5.5,51,1,0,2,4,1,1,2,2,0,0,2,1,1,3,1,0,1,0,2,2,1,1,2,3,1,2,2,2
2,1,1,2,1,3,2,3,4,4,5.7,50,1,1,3,2,3,1,2,1,1,0,2,1,1,2,2,2,2,1,0,1,3,2,2,2,1,2,2,3
1,1,3,1,1,4,2,3,4,4,5.4,50,1,2,3,1,1,2,2,0,3,0,3,2,3,4,1,1,1,1,2,1,1,4,2,2,2,3,3,3
1,1,1,2,1,3,2,3,4,4,5.5,55,1,1,3,3,3,2,2,2,2,0,2,2,2,3,1,1,1,1,2,0,2,1,2,2,2,3,2,2
1,1,3,2,1,3,1,1,4,3,5.6,52,3,2,3,4,4,2,1,2,2,1,2,2,1,4,2,1,1,0,2,0,1,4,0,2,0,0,3,2
2,1,1,2,1,3,2,2,4,2,5.6,70,4,2,3,4,3,1,3,2,2,0,3,2,1,3,1,0,0,0,2,0,1,0,2,0,0,1,0,2
1,1,1,2,1,4,1,1,4,4,5.6,57,4,0,3,2,1,0,1,0,3,1,0,0,0,0,3,0,0,0,0,0,1,0,0,1,0,0,0,0
1,1,1,2,1,3,1,2,4,4,5.6,68,1,0,3,1,3,0,2,0,3,0,0,0,0,2,2,0,0,0,0,0,1,0,1,0,0,0,0,1
2,1,1,1,2,1,1,3,4,4,5.9,70,1,0,3,1,1,0,2,0,3,0,0,0,0,2,0,0,0,0,0,0,2,0,1,0,0,1,0,0
1,1,1,2,1,3,2,2,4,4,5.6,55,2,0,2,3,3,0,2,0,0,0,0,0,0,0,0,0,0,0,0,0,2,4,1,0,1,1,0,0
1,1,1,2,1,2,1,1,4,3,5.6,55,2,1,3,4,1,2,2,0,2,0,3,2,0,4,0,1,0,0,0,1,2,3,1,0,0,1,0,1
1,1,1,1,1,4,1,3,3,4,5.9,67,4,2,2,3,4,1,3,0,2,0,3,1,1,2,1,1,0,0,0,0,2,3,2,0,0,0,0,3
3,1,1,1,1,4,2,2,4,0,5.7,58,1,3,3,2,2,2,3,0,2,2,3,0,0,0,1,2,0,0,1,0,2,3,1,2,1,0,1,1
1,1,1,2,1,3,1,3,4,1,5.7,48,2,3,2,3,3,1,3,2,2,0,1,2,2,3,1,1,0,0,1,0,3,1,1,2,3,0,2,3
2,1,1,2,1,3,2,3,4,4,5.7,50,1,0,3,1,3,2,2,1,3,0,1,1,1,2,2,1,0,2,0,2,3,1,2,1,3,1,3,3
1,1,1,2,1,3,2,3,4,4,5.8,50,1,2,3,2,2,1,2,2,1,0,2,2,2,2,2,2,1,1,1,2,3,3,2,3,2,3,2,3
3,1,1,1,1,4,1,2,4,2,5.5,56,3,1,3,3,1,2,2,2,2,2,3,3,0,3,0,2,1,1,0,2,1,4,2,3,1,1,2,2
2,1,1,2,1,3,2,3,4,4,5.7,50,1,1,3,2,3,2,2,0,1,0,2,1,1,3,2,2,1,1,1,1,3,2,2,2,2,2,3,3
2,1,1,2,1,2,2,2,4,3,6,54,2,3,3,2,1,0,1,1,0,1,0,1,2,2,3,0,1,0,0,0,3,4,2,3,2,3,3,1
2,1,1,2,1,3,2,2,4,4,5.7,50,1,1,3,2,3,1,2,0,1,0,2,1,1,3,2,1,0,1,0,2,3,2,2,1,1,1,3,3
2,1,1,1,1,2,2,2,4,4,5.6,60,1,1,3,1,1,0,1,2,2,0,2,0,2,3,3,2,2,0,0,3,1,2,0,1,1,2,1,1
2,1,1,1,1,4,2,2,2,4,6,60,1,2,3,2,2,2,3,1,3,2,0,0,0,1,1,3,2,1,0,3,1,3,2,2,0,1,2,3
1,1,1,2,1,3,2,2,4,4,6.1,50,4,1,3,4,1,2,1,0,0,2,2,3,0,2,2,2,0,0,2,2,3,2,2,1,1,2,3,3
1,1,1,2,2,3,1,2,4,4,5.8,62,2,1,2,2,1,1,1,0,2,0,1,1,0,3,0,0,0,0,0,0,3,2,1,0,0,2,1,0
1,2,1,2,2,3,1,2,4,3,5.3,56,4,2,3,4,3,0,2,1,1,0,3,3,3,4,2,2,1,2,1,0,2,3,2,2,2,3,0,2
1,1,1,1,1,2,1,1,4,2,5.8,65,2,1,3,3,3,0,2,0,1,2,2,2,2,3,0,0,0,0,0,0,2,1,1,2,0,0,2,2
1,1,2,2,1,3,1,1,4,2,5.9,78,4,1,3,3,2,2,2,0,0,0,1,2,1,2,0,0,0,0,0,0,1,0,0,0,0,0,0,0
2,1,1,2,1,2,1,3,4,4,5,48,1,0,3,4,1,1,3,0,2,0,2,2,1,3,0,0,2,0,0,0,2,2,3,0,0,0,2,0
2,1,1,2,1,3,2,2,4,4,5.7,65,1,1,3,2,1,0,1,0,2,0,2,1,2,3,2,3,2,1,0,3,2,2,2,0,0,0,3,2
1,2,1,2,2,3,1,1,4,3,5.2,48,4,2,3,3,1,1,3,0,0,0,2,1,1,3,3,0,0,0,0,2,3,0,1,0,0,1,0,0
2,1,1,2,1,3,2,2,4,3,6,60,1,1,3,4,3,1,3,0,0,0,3,2,1,3,2,3,1,0,0,3,3,4,2,2,0,2,1,0
1,2,1,2,2,3,1,1,4,1,5.4,37,4,2,2,4,1,1,2,0,2,0,2,2,2,3,3,0,0,0,0,0,2,0,1,2,0,1,2,0
2,1,1,1,1,3,1,2,4,4,5.4,60,1,0,3,1,4,0,3,0,0,1,1,0,0,2,1,0,0,0,0,0,2,0,2,0,0,0,0,3
1,2,1,2,1,3,1,3,3,0,5.3,60,4,0,3,4,1,0,2,0,0,0,3,3,3,2,3,0,0,0,0,0,3,0,0,0,0,1,0,0
3,1,1,1,1,4,2,2,3,0,6,51,2,3,3,3,3,1,2,1,1,2,1,0,2,1,1,1,0,1,0,3,1,1,2,0,1,0,1,2
1,1,1,2,1,3,2,3,4,4,5.4,50,1,1,3,2,2,0,2,2,1,0,1,2,2,2,1,2,1,0,0,1,3,1,2,1,2,2,3,2
1,2,1,1,1,3,2,3,3,4,5.2,54,3,2,3,2,1,0,3,1,0,0,2,1,3,2,1,2,0,2,0,0,2,0,3,0,1,2,3,1
1,2,1,2,2,3,1,1,4,3,5,49,4,2,2,4,1,0,2,0,0,0,1,1,1,2,3,0,0,0,0,0,1,0,1,0,0,0,0,0
3,1,1,1,1,2,2,1,4,4,6.3,71,4,0,1,3,1,1,2,0,2,0,2,1,1,2,0,0,0,0,0,0,2,0,0,1,0,1,0,1
2,2,1,1,1,3,2,1,3,3,5.2,60,3,1,2,3,3,0,2,0,1,0,1,1,1,3,1,0,0,0,0,1,2,0,0,1,0,0,1,2
1,1,1,2,1,3,1,1,4,3,5.5,60,2,3,2,1,1,1,2,0,2,0,2,2,1,3,1,1,0,0,0,1,2,2,1,1,0,1,1,0
3,1,1,1,1,4,2,3,3,4,5.8,74,3,2,3,2,3,2,2,0,2,0,2,3,3,0,1,1,1,2,1,1,1,3,0,2,2,0,3,2
2,1,1,1,1,3,2,3,3,3,5.2,47,2,2,2,1,4,1,3,0,1,0,3,3,3,4,3,1,1,1,1,2,1,2,0,2,3,0,3,2
1,1,1,2,2,3,2,3,4,3,5.1,75,2,1,1,2,3,0,2,0,3,0,2,2,2,3,1,0,1,0,0,0,2,0,1,1,0,1,1,1
2,2,1,1,1,3,1,3,2,4,5.2,47,1,2,3,2,1,2,1,1,3,0,2,3,1,2,1,0,0,2,0,2,2,2,3,2,0,0,3,1
1,1,1,2,1,2,2,2,3,4,5.3,54,3,2,2,3,3,0,3,1,2,0,2,2,2,3,1,1,0,0,0,0,2,1,2,2,2,3,2,3
1,1,1,2,1,2,1,1,3,2,5.11,65,2,2,3,1,3,2,1,1,2,1,2,1,1,1,1,1,0,1,2,0,2,0,0,0,0,2,0,0
2,1,1,2,1,3,1,3,4,4,5.6,55,2,1,2,2,1,1,2,0,3,0,1,1,1,2,0,0,0,0,0,0,3,0,1,1,0,1,0,2
1,2,1,2,2,3,1,2,4,3,5,60,4,1,3,4,3,0,1,0,1,0,3,2,1,3,2,2,1,2,0,0,2,0,2,2,1,2,2,2
1,1,1,2,2,3,1,3,4,4,6,70,2,0,3,2,3,1,1,0,2,0,1,1,1,2,1,0,0,0,0,0,2,0,0,0,0,0,0,1
1,1,1,2,1,3,2,3,4,4,5.3,53,2,0,3,2,1,1,2,0,2,0,0,0,0,2,1,0,0,0,0,0,2,0,0,0,0,1,0,2
1,2,1,2,1,3,1,3,4,2,5.2,44,1,2,3,2,1,0,2,1,0,0,3,3,2,3,3,0,2,0,0,2,2,0,2,0,1,2,2,0
1,2,1,2,1,4,2,2,3,4,5.3,50,1,0,1,1,1,0,1,0,2,0,1,1,0,2,1,0,0,0,0,0,3,0,1,0,0,0,0,0
1,1,1,2,2,2,1,3,4,4,5.7,62,2,1,3,1,1,0,3,0,1,0,2,2,1,3,0,2,1,0,0,0,3,2,1,1,1,3,2,3
1,2,1,1,2,3,2,3,4,2,5.2,53,2,3,2,1,3,2,2,2,3,0,2,2,1,2,0,0,0,0,0,2,2,0,2,2,0,1,2,0
1,1,1,2,1,3,2,2,4,2,5.1,79,4,2,3,2,1,2,2,0,2,0,3,2,1,1,0,0,0,0,0,0,2,1,0,0,0,1,0,1
1,2,1,1,2,3,1,1,3,2,5.2,58,4,3,3,3,3,1,2,0,0,0,3,3,3,3,2,0,1,0,2,1,2,2,1,0,0,0,3,3
1,1,1,2,1,3,1,2,4,4,5.8,58,4,2,3,4,1,2,2,0,3,0,2,1,1,2,1,2,0,0,0,2,2,0,2,0,0,0,0,2
1,1,1,2,1,3,2,2,4,3,5.8,61,1,2,3,2,1,2,2,0,3,1,2,2,2,3,3,3,2,0,1,3,2,4,2,3,2,0,2,1
1,1,1,2,1,4,2,2,3,4,5.5,57,3,1,3,3,1,1,2,0,2,0,2,2,2,1,1,1,1,1,1,2,2,2,3,0,0,1,0,2
1,1,1,2,2,3,1,2,4,2,5.1,57,4,0,3,4,1,2,3,0,2,0,1,1,1,2,1,0,2,0,0,0,1,2,0,0,0,0,0,2
1,2,1,2,2,3,1,1,4,3,5.3,46,4,3,3,4,1,1,2,2,1,0,3,2,2,3,2,0,0,1,2,1,2,2,0,1,1,0,1,2
1,1,1,2,2,3,2,2,4,4,5.11,58,4,0,3,4,1,2,2,0,3,0,1,1,1,3,1,0,0,0,0,0,3,0,1,2,0,1,0,2
1,1,1,2,1,3,1,1,4,2,5.8,60,1,0,1,1,1,0,2,0,2,0,1,2,2,4,0,0,0,0,2,0,1,0,0,0,0,0,0,0
1,2,1,2,2,3,1,3,4,3,5.3,49,3,0,1,2,3,2,1,2,1,0,3,1,2,3,3,3,1,2,1,3,1,0,1,2,0,2,3,3
1,2,1,2,2,3,1,3,4,2,5,35,2,2,3,1,1,1,2,0,0,0,2,2,2,3,1,0,0,0,0,0,2,2,2,1,1,1,1,2
1,1,1,2,1,3,1,1,4,3,5.2,50,2,3,3,2,3,0,2,2,3,0,1,2,1,3,1,1,0,0,0,0,1,3,1,0,1,0,0,0
2,2,1,2,1,3,2,2,4,4,4.8,40,3,3,1,1,1,0,1,0,2,0,1,0,0,2,0,0,0,0,0,0,1,0,1,0,0,0,1,0
1,2,1,2,2,3,1,3,4,4,5.2,46,4,3,2,2,1,2,3,1,1,0,3,3,2,4,1,1,0,0,2,1,2,0,1,0,0,1,2,2
1,2,1,2,2,3,1,1,3,2,5,36,3,0,3,3,4,2,1,0,1,0,2,2,2,3,2,3,0,1,2,1,2,1,1,0,0,0,0,0
1,1,1,2,1,3,1,1,4,3,5.9,57,1,1,3,2,1,1,1,0,2,0,2,2,1,2,2,0,0,0,0,0,1,0,1,0,0,0,0,2
1,2,1,2,1,3,1,3,4,2,5,40,2,0,3,2,4,2,2,0,1,0,2,2,1,1,1,0,0,0,0,0,3,2,1,1,0,1,2,2
1,1,1,2,1,3,2,1,4,3,5.6,65,2,1,3,2,1,1,2,0,2,0,1,1,1,1,0,0,0,0,0,0,3,3,1,0,0,1,2,2
1,1,1,1,2,3,1,3,4,2,5.5,79,3,2,3,2,1,1,2,0,1,0,2,2,1,3,1,0,0,0,0,0,1,0,1,0,0,0,1,0
1,2,1,1,2,3,1,3,4,1,5.3,41,4,3,3,4,4,1,2,0,0,0,3,3,3,4,3,2,2,1,2,2,2,4,2,3,1,3,2,3
1,1,2,2,2,3,1,2,4,2,5.5,70,1,1,3,1,1,1,2,1,2,0,2,2,2,3,1,0,0,0,0,0,2,2,1,1,1,2,1,1
1,1,1,1,2,3,1,2,3,4,5.11,63,1,2,3,2,1,2,2,2,2,0,1,1,1,3,0,0,0,0,0,0,2,0,1,2,0,1,0,0
1,1,1,2,2,3,1,2,4,3,5.1,70,1,1,2,1,1,1,2,0,1,0,2,2,1,2,1,0,0,0,0,0,1,0,1,0,2,1,0,0
1,2,1,2,2,3,1,1,2,2,5.5,43,2,1,3,2,1,1,2,2,2,0,2,2,2,3,1,0,0,0,0,1,2,0,1,0,0,0,2,1
1,2,1,2,2,3,1,1,3,2,5.2,38,4,3,3,4,4,1,1,0,0,0,2,2,3,1,3,0,0,0,0,0,2,1,1,1,0,1,2,1
1,1,1,2,1,3,2,3,4,4,5.8,55,2,2,3,2,1,2,2,0,3,0,2,1,1,3,1,0,0,0,0,0,3,3,0,2,1,1,0,2
1,1,1,2,1,4,1,3,3,2,5.2,48,2,2,3,1,3,2,1,0,2,0,2,2,1,3,1,0,0,0,2,1,1,1,0,0,0,0,1,2
2,1,1,2,1,4,2,2,3,3,5.4,58,2,1,3,3,1,1,2,2,1,0,2,3,3,3,1,3,2,1,0,2,3,2,2,3,0,2,1,2
1,1,1,2,1,3,1,3,4,4,5.4,50,1,1,3,2,3,1,2,1,1,0,2,2,2,3,2,2,0,1,0,1,3,2,2,1,1,2,2,1
1,1,1,2,1,3,1,3,4,4,5.4,50,2,3,3,2,3,1,2,1,1,0,1,1,1,3,1,1,1,0,0,3,1,2,2,2,1,1,2,1
1,1,1,1,1,3,1,3,4,4,5.4,50,2,3,3,2,3,1,2,1,1,0,1,1,1,3,1,1,1,0,0,3,1,2,2,2,1,1,2,1
1,1,1,2,1,3,1,2,4,4,5.9,50,2,3,3,2,1,0,1,0,0,2,1,3,1,1,3,1,2,2,0,3,2,2,0,2,0,2,2,0
3,1,1,1,1,4,1,3,4,2,6,70,1,1,3,2,3,0,1,0,0,1,3,0,1,3,3,0,2,0,0,1,3,1,3,2,0,1,2,2
1,1,1,2,1,3,1,3,4,4,5.7,70,2,1,3,2,3,2,2,1,3,0,2,2,3,2,2,0,0,1,0,1,2,1,0,2,0,3,2,3
1,1,1,2,1,3,1,3,4,4,5.7,90,1,2,3,3,3,0,2,2,2,2,1,1,1,3,1,1,0,0,0,0,2,1,2,3,2,2,2,3
1,1,1,1,2,3,2,2,3,3,5.6,55,3,2,3,2,4,0,3,0,3,0,2,1,0,0,2,1,2,0,2,2,3,2,2,3,2,2,2,2
1,1,1,2,1,3,2,3,4,4,5.5,45,2,2,1,2,3,0,2,1,3,0,2,2,0,3,1,1,0,0,2,1,2,2,2,3,2,2,2,3
3,1,1,1,2,1,1,3,4,4,5.11,75,2,2,2,2,3,1,2,1,2,1,2,2,2,3,1,1,1,0,2,2,3,3,1,2,2,3,1,2
3,2,1,1,2,4,1,3,4,4,5.3,68,2,3,2,2,4,2,3,2,1,0,2,1,1,3,1,1,1,0,0,0,2,2,2,2,1,2,1,3
2,1,1,1,1,1,2,2,4,4,5.6,67,2,0,2,4,1,0,2,1,1,0,1,1,1,3,1,2,0,1,0,0,2,3,2,1,1,2,0,3
3,2,1,1,2,4,1,2,4,3,5,68,1,2,1,1,1,0,2,2,2,0,1,1,1,2,1,1,0,0,0,0,2,1,2,0,0,0,0,3
3,1,1,1,1,4,1,1,4,4,5.6,80,1,3,3,2,3,2,2,1,1,0,3,3,0,4,3,1,2,2,1,3,2,3,2,3,3,3,3,3
3,1,1,1,1,2,1,2,4,4,5.2,63,4,2,3,4,3,1,2,0,0,1,1,1,1,2,1,1,0,0,0,0,2,2,2,2,0,2,0,3
2,1,1,1,1,1,2,2,4,4,5.7,70,1,1,2,1,3,0,2,0,2,0,1,0,0,2,1,0,0,0,0,0,2,0,0,0,0,0,0,0
1,1,1,2,1,3,2,2,4,4,5.2,62,1,0,3,1,1,1,1,0,1,0,2,2,3,3,1,2,0,0,2,0,2,1,2,0,2,2,0,3
1,2,1,1,2,4,2,3,4,4,5,70,1,1,2,1,1,0,2,0,2,0,2,2,1,2,1,0,0,0,0,0,2,0,1,0,0,1,0,0
3,1,1,1,2,1,2,1,4,4,5.11,94,1,0,1,2,3,1,2,0,2,0,1,1,1,2,1,0,0,0,0,0,2,1,1,0,0,1,0,0
1,1,1,2,2,3,1,1,4,2,5.8,71,1,0,3,1,4,2,1,0,2,0,2,1,1,2,0,0,0,0,0,0,3,0,0,0,0,0,0,0
1,1,1,2,1,3,1,2,4,3,6.1,51,3,1,3,2,1,0,2,0,3,0,2,3,1,2,3,2,1,0,0,2,2,2,2,3,0,1,2,1
1,1,1,1,1,3,2,2,4,3,5.3,50,2,0,3,1,1,1,3,0,0,0,3,1,2,0,2,2,2,2,0,2,2,2,1,2,2,0,0,3
1,1,1,2,1,3,1,2,4,4,6.1,57,4,0,3,1,2,1,1,2,2,1,2,1,0,3,3,1,0,2,1,3,3,3,3,1,2,2,2,0
1,1,1,2,1,3,1,3,4,4,5.2,45,2,1,3,3,3,0,2,1,2,0,1,2,2,4,1,2,0,1,0,1,1,3,2,3,3,1,3,3
1,1,1,2,1,3,1,3,4,4,5.4,50,1,2,3,2,3,2,2,1,2,0,2,2,2,2,1,2,0,0,0,1,3,1,2,1,2,2,2,1
1,1,1,2,2,2,1,2,4,4,5.5,56,1,1,2,2,1,2,2,2,2,0,1,1,1,3,1,0,0,0,2,0,2,1,2,2,3,0,2,3
1,1,1,2,1,3,1,2,4,1,6,93,3,2,3,4,3,0,3,1,1,0,3,3,1,4,2,2,1,2,1,0,1,3,2,2,2,3,3,2
3,1,1,1,2,4,1,1,4,3,5.6,63,3,2,3,4,3,1,3,1,0,1,2,2,1,2,1,0,0,1,0,0,2,3,2,2,0,3,2,2
3,2,1,1,2,4,1,3,4,4,5.5,76,2,2,1,3,3,2,2,2,0,0,2,1,1,3,1,0,1,0,0,0,1,2,2,2,0,2,2,3
3,2,1,1,1,4,1,3,4,4,5.7,78,2,2,2,2,1,1,2,2,0,0,3,2,1,3,1,0,1,0,0,0,1,3,2,2,1,3,2,2
1,1,1,2,1,3,1,1,3,2,5.8,74,2,2,3,3,3,0,3,1,2,0,3,1,1,4,1,2,1,1,0,0,1,3,2,2,1,3,2,3
2,1,1,2,1,1,2,1,4,3,6,66,1,2,3,4,3,0,3,2,3,0,2,2,1,4,1,2,0,0,0,0,3,3,2,1,0,2,3,3
1,1,1,2,1,3,1,1,3,2,5.8,63,2,1,2,3,1,0,2,0,3,1,2,2,1,3,1,1,1,1,2,0,2,2,0,2,2,2,2,2
1,2,1,2,1,3,2,3,4,4,5.4,63,4,3,3,4,1,1,3,2,0,0,3,3,3,4,3,1,1,1,1,2,2,3,0,2,1,2,3,3
1,2,1,2,2,3,1,2,4,4,5.3,85,2,2,3,1,3,1,2,0,2,0,2,1,1,3,2,0,0,0,2,1,3,0,1,0,0,1,0,0
1,1,1,2,2,3,4,1,4,1,5.8,68,1,3,3,1,1,2,2,1,1,0,3,3,2,4,3,1,2,0,1,2,1,0,2,3,3,2,3,2
1,2,1,2,2,3,1,2,4,3,5.2,51,4,2,3,4,3,2,2,0,2,0,1,1,1,2,1,0,0,0,0,0,2,0,2,2,1,0,0,2
3,1,1,2,2,1,1,1,3,1,5.5,65,1,2,3,2,1,1,2,2,0,2,2,2,1,2,2,0,0,1,1,0,2,4,3,2,1,1,3,2
3,2,1,1,2,4,1,1,4,3,5.2,44,1,0,3,1,3,0,1,2,2,2,2,2,2,2,1,0,0,0,0,2,2,2,3,1,2,2,2,3
3,1,1,2,2,1,2,1,3,2,5.7,52,1,0,2,1,1,0,1,2,1,1,0,1,1,2,0,0,0,0,0,0,2,0,1,0,0,1,0,0
2,1,1,1,2,2,2,3,3,3,5.6,87,3,3,3,3,1,2,1,1,1,0,3,2,2,4,2,1,0,1,1,0,2,3,2,2,2,3,2,2
2,1,1,2,2,3,2,3,4,3,5.7,69,1,0,2,1,3,0,2,0,3,0,1,1,1,2,1,0,0,0,0,0,2,0,1,0,0,1,0,0
1,1,1,2,2,1,2,1,4,2,5.7,60,1,2,3,1,1,1,2,2,1,0,1,1,1,2,1,0,1,0,2,0,2,1,1,1,1,1,1,1
2,1,2,3,2,1,1,2,3,4,5.9,62,3,2,3,1,4,2,1,0,3,2,2,1,1,2,2,0,1,0,0,0,2,0,0,1,1,1,0,2
1,1,1,1,2,2,1,2,4,4,5.7,64,1,2,3,3,3,0,2,0,2,0,2,1,1,3,0,0,1,0,0,0,2,0,1,1,1,1,1,2
2,1,1,2,2,3,1,1,4,4,5.8,50,3,1,3,4,3,0,2,0,0,0,2,2,2,1,1,1,1,0,0,0,3,0,1,2,0,0,3,3
2,1,1,2,1,3,1,3,3,4,5.5,53,2,2,3,3,3,0,2,0,0,1,3,2,2,3,2,1,2,2,2,1,3,2,0,1,1,0,3,3
2,1,1,1,1,3,1,3,4,4,5.6,52,1,2,3,1,1,1,2,0,1,0,2,0,0,2,1,0,0,0,2,0,2,2,1,0,0,0,2,0
2,1,1,1,2,1,2,3,4,4,5.4,55,1,2,3,1,1,1,2,0,1,0,2,1,1,2,1,0,1,0,0,0,2,0,2,0,0,2,2,2
3,1,1,3,1,3,1,2,2,3,5.9,56,4,3,3,4,1,0,1,1,0,1,3,3,2,4,2,2,2,2,2,2,3,2,2,2,2,2,3,3
3,1,1,1,2,1,1,1,4,3,5.7,80,2,2,3,4,4,1,2,2,0,2,3,2,2,3,1,1,0,1,0,2,1,3,2,2,1,2,1,2
2,1,1,1,2,1,1,3,4,3,5.11,80,3,1,3,3,1,1,2,2,2,0,2,1,2,3,0,0,1,0,0,0,2,0,1,1,0,1,2,2
2,1,1,1,2,3,1,2,4,4,5.8,73,3,2,3,3,3,1,2,0,2,0,3,2,2,3,0,0,1,0,2,0,2,2,1,1,0,2,1,3
2,1,1,2,2,3,1,1,4,4,5.5,70,1,0,3,1,1,0,2,0,0,0,2,1,1,3,1,1,1,0,0,0,1,1,2,1,2,2,2,1
3,1,1,1,1,2,1,2,4,3,5.7,60,4,3,3,4,3,1,2,1,1,1,1,2,2,3,0,3,1,2,1,0,1,4,2,3,2,2,2,3
3,1,1,1,1,4,1,2,4,2,5.6,62,2,2,2,3,1,0,2,2,0,1,2,2,1,3,2,1,2,1,2,2,1,2,2,2,1,2,2,3
3,1,1,1,2,2,2,3,4,2,5.5,80,2,1,3,1,1,2,2,2,1,0,0,1,1,2,2,1,0,0,0,0,3,3,0,0,0,3,3,0
2,1,1,2,1,3,1,1,4,4,5.5,65,4,3,3,4,3,1,2,1,1,0,3,3,3,4,3,1,2,2,1,2,1,4,3,2,1,3,3,3
2,1,1,1,2,2,1,3,4,4,5.7,78,2,1,3,2,1,1,2,2,0,0,2,2,2,3,1,0,0,1,0,0,2,2,1,1,0,2,2,2
2,2,1,1,1,4,2,3,4,3,5.2,64,1,3,2,1,1,1,2,0,0,0,2,2,0,2,1,0,0,0,0,0,1,0,0,0,0,1,0,3
2,1,1,1,2,1,1,1,2,3,5.7,85,1,0,3,1,3,1,2,0,2,2,2,3,3,4,0,3,2,2,1,3,1,4,3,3,3,3,3,3
2,1,1,1,2,1,1,1,2,2,5.5,85,4,2,3,4,4,1,1,1,0,2,3,3,3,3,3,1,1,1,1,2,2,2,2,2,2,2,2,2
3,1,1,2,2,1,2,1,3,3,5.4,61,2,3,3,3,3,0,2,1,0,1,2,2,2,2,1,1,0,1,0,0,1,3,2,1,1,3,2,2
2,1,1,1,1,3,2,1,2,3,5.7,77,2,2,2,3,3,1,2,0,1,0,3,2,2,4,2,2,1,1,1,1,2,3,0,1,0,1,1,3
2,1,1,2,2,2,2,1,4,4,5.6,50,3,3,2,3,1,1,3,1,2,1,2,2,1,1,1,0,1,1,2,0,2,2,1,2,2,2,2,2
3,1,1,1,1,2,2,1,2,3,5.8,60,3,2,3,3,3,0,2,2,2,2,3,3,2,3,2,1,1,1,1,2,3,4,2,2,2,2,3,3
3,2,1,1,1,1,1,1,3,3,5.6,65,3,2,3,2,3,0,2,2,0,0,2,2,2,3,2,1,1,1,1,2,3,3,2,2,2,2,2,3
3,1,1,1,1,1,2,1,3,3,5.5,65,2,2,3,2,3,0,2,2,2,1,3,3,3,4,2,0,1,1,1,2,3,4,2,2,2,2,2,3
1,1,1,2,2,1,1,2,4,4,6,85,1,0,3,1,1,2,2,0,2,1,1,1,1,2,1,0,0,0,0,0,2,0,1,0,0,1,1,0
2,1,1,1,2,4,2,3,4,4,5.6,64,1,0,3,1,1,1,3,0,1,0,0,0,0,2,0,0,1,0,0,0,2,1,1,1,0,1,2,1
3,1,1,1,1,1,1,1,2,3,5.5,62,3,3,3,3,3,0,2,2,2,1,3,3,3,4,2,0,1,1,1,2,3,3,2,3,2,2,2,3
1,1,1,1,2,3,2,2,4,4,5.6,70,2,0,3,2,1,1,3,0,3,0,0,2,1,2,0,0,0,0,0,0,1,0,2,0,0,0,0,2
2,1,1,1,2,1,2,3,4,4,5.11,82,3,1,3,4,1,1,2,1,3,0,1,1,1,4,1,0,0,0,0,0,3,0,1,0,0,0,0,0
2,1,1,3,2,1,2,1,2,2,5.7,65,1,1,1,1,3,1,2,0,2,0,1,1,1,2,1,1,0,0,0,0,3,0,1,0,0,0,0,0
2,1,1,2,1,3,1,1,4,4,5.3,60,1,2,3,3,1,2,2,0,1,0,2,2,2,3,1,0,0,0,2,0,3,1,1,1,1,1,1,1
2,1,1,2,1,3,1,1,3,2,5.3,82,4,1,2,4,3,2,2,0,2,0,1,1,1,2,2,0,0,0,0,2,2,0,2,0,0,1,0,0
2,1,1,2,2,3,1,1,3,3,5.8,73,4,2,3,3,3,2,3,0,1,0,1,1,1,2,1,0,0,0,0,0,2,0,0,1,1,0,0,0
2,1,2,2,1,3,1,1,3,3,5.8,68,2,2,2,2,3,0,2,0,2,1,3,2,1,4,2,0,2,0,2,2,2,2,2,3,0,2,2,3
2,1,1,1,2,1,2,1,2,4,5.8,67,2,0,3,2,3,1,1,2,3,0,3,3,3,4,1,0,1,1,0,0,2,2,1,0,0,2,2,3
3,1,1,2,2,4,1,2,4,3,5.7,75,1,1,3,1,1,1,2,0,2,0,2,2,2,3,2,0,0,1,1,0,3,4,2,2,2,2,2,3
2,1,1,2,1,3,2,1,2,2,5.11,67,2,2,3,3,1,1,2,1,1,0,2,2,3,4,2,3,2,2,1,3,2,3,2,3,3,3,3,3
3,1,1,1,2,1,1,1,4,2,5.4,64,2,2,2,2,3,0,2,2,0,0,2,2,2,3,1,2,1,0,2,1,1,3,2,1,1,2,2,3
2,1,1,1,2,4,2,3,4,4,5.8,75,4,2,3,4,3,2,2,0,0,1,2,2,1,2,1,1,1,0,0,2,3,1,1,1,0,0,0,2
3,2,1,1,1,1,1,2,4,4,5.1,62,3,2,3,3,2,1,2,0,1,0,1,1,1,2,1,0,0,1,1,2,1,1,2,2,2,1,2,2
3,1,1,1,1,1,1,3,4,4,5.2,76,3,1,3,3,4,2,2,1,1,1,2,2,1,2,1,0,0,0,0,2,2,2,2,1,1,2,1,3
3,1,1,1,1,1,1,2,3,3,5.4,65,3,2,3,3,3,0,2,0,1,2,2,2,2,3,1,0,0,1,0,0,1,1,2,1,2,1,2,2
3,2,1,1,2,1,1,1,2,4,5,45,1,2,1,1,3,1,1,0,2,0,2,2,2,3,2,0,0,0,0,1,3,3,2,1,1,1,1,2
3,2,1,1,1,4,2,1,2,2,5.2,55,2,2,2,4,3,0,1,2,0,0,2,3,3,3,2,1,1,1,1,2,2,4,2,2,2,2,2,3
3,2,1,1,1,4,2,1,2,1,5,52,2,3,2,3,4,0,1,2,0,0,2,2,2,3,2,1,1,1,1,2,2,3,2,2,2,2,2,3
3,1,1,1,1,2,2,1,1,1,5.6,65,3,2,3,3,4,0,1,2,2,1,3,3,3,4,3,1,1,1,1,2,2,4,3,3,3,3,3,3
3,1,1,1,1,2,2,1,2,3,5.6,70,3,3,3,4,3,0,1,2,2,1,3,3,3,4,3,1,1,1,1,2,2,4,2,2,2,2,2,3
3,1,1,1,1,2,2,1,2,1,5.7,72,2,2,3,4,3,0,3,2,2,1,3,3,3,3,2,1,1,1,0,3,2,4,2,2,2,2,2,3
3,1,1,2,1,1,1,1,2,1,5.6,75,2,2,3,4,4,1,2,2,2,1,3,3,3,3,2,1,1,1,1,2,2,4,2,2,2,2,2,3
3,1,1,2,2,1,1,1,3,3,5.7,63,2,2,3,3,3,0,2,2,2,1,3,3,3,3,2,1,1,1,1,2,2,3,3,3,3,3,3,3
3,1,1,1,2,1,1,1,3,3,5.6,68,2,2,3,3,3,0,2,2,2,1,3,3,3,4,2,1,1,1,1,2,2,3,2,2,2,2,2,3
3,1,1,1,1,1,1,1,4,3,5.6,72,2,2,3,3,3,2,2,2,2,1,3,3,3,4,2,1,1,1,1,2,2,3,2,2,2,2,2,3
3,1,1,1,2,1,1,1,2,3,5.4,59,2,2,3,3,3,0,2,2,2,1,3,3,3,3,2,1,1,1,1,2,2,3,2,2,2,2,3,3
3,1,1,2,1,1,2,1,2,3,5.7,72,2,1,3,3,3,0,2,2,2,1,2,2,2,3,2,0,0,0,1,1,2,3,2,2,2,2,2,3
3,1,1,1,1,4,1,1,1,1,5.6,78,2,2,3,4,3,1,2,2,1,1,2,2,2,3,2,0,0,1,1,1,2,3,2,2,2,3,3,3
3,2,1,2,2,1,2,1,2,0,5.3,55,2,2,3,4,4,0,2,2,2,0,2,3,2,3,2,1,1,1,1,2,2,4,3,3,3,3,3,3
3,1,1,2,1,4,2,1,3,3,5.5,62,2,2,3,4,3,0,2,0,2,1,2,2,2,3,2,0,0,0,1,2,2,4,2,2,2,2,2,3
3,2,1,2,2,4,2,1,2,3,5.6,59,3,2,3,4,1,0,2,2,2,0,3,3,3,3,1,1,1,1,1,1,2,3,2,2,2,2,2,3
3,1,1,2,1,1,2,1,3,3,5.8,72,2,2,3,4,3,0,2,2,2,1,3,3,3,3,2,0,0,2,1,2,2,3,2,2,2,2,2,3
3,2,1,2,2,1,2,1,2,1,5.2,63,2,1,3,4,3,0,2,2,2,0,3,3,3,3,3,1,1,1,1,2,2,4,2,2,2,2,2,3
3,1,1,2,1,1,1,1,3,3,5.7,65,2,1,3,3,3,0,2,2,2,1,3,3,3,3,2,0,0,1,1,2,2,3,2,2,2,2,3,3
3,1,1,1,1,1,2,1,4,4,5.5,75,2,2,3,3,3,0,2,2,2,2,2,2,2,3,3,0,1,1,1,2,2,3,2,2,2,2,2,3
3,1,1,1,1,4,1,2,3,3,5.7,67,2,2,2,3,1,0,2,2,2,1,2,2,1,3,2,1,1,1,2,1,1,2,2,2,2,3,2,3
3,1,1,1,1,2,1,1,4,4,5.8,74,1,2,1,2,4,2,1,1,0,1,2,2,2,3,2,1,0,1,0,2,3,2,2,3,2,2,2,3
3,1,1,2,1,1,1,1,3,3,5.1,62,3,3,3,4,1,0,1,1,1,1,3,2,2,3,2,2,1,1,1,2,1,3,3,2,2,3,3,3
2,1,1,1,1,4,2,1,2,3,5.4,66,2,2,3,3,3,0,2,2,2,1,2,2,2,3,1,0,1,1,1,2,3,3,2,2,2,2,2,3
3,2,1,1,2,4,2,1,3,2,5.3,55,2,2,3,4,1,1,2,2,1,0,2,2,2,3,1,0,1,1,1,0,2,2,2,2,1,2,2,2
3,1,1,1,1,2,2,1,2,3,5.6,72,2,2,3,3,1,1,2,2,1,1,2,2,2,3,1,0,1,0,1,0,3,2,2,2,2,2,2,2
3,1,1,1,1,1,1,1,3,3,5.8,64,3,1,3,3,3,0,2,2,2,1,2,2,2,3,2,0,1,1,1,2,2,3,2,2,2,2,2,3
3,2,1,1,2,4,1,2,3,1,5.4,62,2,2,3,4,1,1,2,2,0,0,2,2,2,3,1,1,1,1,1,0,2,3,2,2,2,2,2,3
3,1,1,2,1,1,2,1,2,3,5.7,73,3,2,3,4,4,1,2,1,2,1,3,2,2,3,0,0,2,1,1,0,3,3,2,3,2,2,2,2
3,1,1,1,1,2,2,1,3,2,5.6,71,2,2,2,4,3,0,2,2,1,1,2,2,2,3,2,0,1,1,1,2,2,3,2,2,2,2,2,3
2,1,1,1,1,1,1,1,2,2,5.8,64,2,2,3,4,4,0,1,1,1,1,2,2,1,3,1,2,1,1,2,2,1,3,2,3,2,3,3,3
3,1,1,2,2,1,1,1,3,1,5.6,54,2,2,2,3,3,1,2,2,1,1,2,2,1,3,1,1,1,0,2,1,1,3,2,3,1,2,2,2
3,1,1,1,2,4,2,1,4,3,5.9,86,2,3,3,4,1,2,3,2,0,0,2,2,2,3,1,2,1,1,0,1,1,3,2,2,2,2,2,3
3,1,1,1,2,4,1,1,3,3,5.4,57,1,2,2,2,3,0,1,2,2,0,2,2,1,3,1,0,0,1,2,1,2,2,2,2,2,1,3,3
3,1,1,1,2,2,2,1,4,4,5.1,77,3,2,3,4,4,2,1,1,1,1,3,3,0,3,2,3,1,0,1,2,2,3,3,3,2,3,3,3
3,1,1,3,2,1,1,1,1,0,5.1,63,3,3,3,4,1,1,1,1,1,1,3,2,1,3,2,2,2,1,1,2,1,3,3,2,2,3,3,3
3,1,1,1,1,4,2,2,3,4,5.7,72,2,2,1,3,1,0,2,0,2,1,2,1,0,1,1,1,0,0,0,1,2,3,2,2,0,2,0,1
3,1,1,1,2,4,1,2,4,1,5.8,75,2,2,2,3,1,0,2,1,2,0,3,2,2,3,1,0,0,0,2,1,1,1,2,3,2,2,2,2
3,1,1,1,1,4,2,2,2,2,5.5,62,1,2,2,3,1,0,2,2,1,1,2,2,1,3,1,1,0,0,0,1,1,2,2,2,1,2,2,2
3,1,1,1,2,1,1,1,4,4,5.7,62,2,2,3,2,1,0,2,0,3,2,2,2,2,3,2,0,1,1,1,1,2,3,3,2,3,3,3,3
3,1,1,1,2,1,1,1,4,3,5.5,65,2,1,3,2,1,0,2,1,3,2,2,2,2,3,2,0,1,1,1,2,2,3,2,2,2,2,2,3
3,1,1,1,2,1,1,1,3,3,5.6,65,2,1,3,2,1,0,2,2,2,0,2,2,2,3,2,1,1,1,1,2,2,3,2,2,2,2,2,3
3,1,1,1,2,1,1,1,4,3,5.4,58,1,2,3,1,1,0,2,2,2,2,2,2,2,3,2,0,0,0,2,1,2,3,2,2,2,2,2,3
3,1,1,1,2,1,2,1,3,3,5.8,64,1,1,2,1,1,0,2,2,3,2,2,2,2,3,0,0,1,1,1,2,2,2,2,2,2,2,2,3
3,2,1,1,1,1,1,2,3,1,5.2,57,2,2,3,4,4,1,2,2,0,0,2,2,2,3,1,0,0,1,1,0,3,2,2,2,2,2,1,2
3,1,1,1,2,1,1,1,2,3,5.7,66,2,2,3,2,1,0,2,2,3,2,2,2,2,3,0,0,0,0,1,1,2,2,2,2,2,2,2,3
2,1,1,1,1,4,2,1,1,2,5.6,68,2,2,3,2,1,0,2,2,2,1,3,3,3,4,3,2,1,1,1,2,2,4,3,3,3,3,3,3
3,1,1,1,1,4,2,1,2,3,5.7,70,2,3,3,4,1,2,2,1,2,1,3,2,2,3,2,0,0,1,1,0,3,2,2,2,2,2,2,2
3,1,1,1,1,4,2,2,2,3,5.6,58,2,2,2,3,1,0,2,0,3,2,1,1,1,2,1,0,0,0,0,0,2,1,2,2,2,2,1,2
3,1,1,1,2,3,1,1,3,3,6.1,77,2,2,2,4,3,0,1,1,2,1,3,2,1,4,1,2,1,1,2,1,1,3,2,3,1,3,3,3
2,1,1,2,1,3,2,1,3,3,5.9,86,2,2,3,4,1,1,2,2,2,2,2,2,2,3,1,1,0,0,0,1,1,3,2,2,2,2,2,2
